Run,Pod Count,Workflow,Scheduler,Start Time,End Time,Duration(sec),Duration(human),Duration(min)
synthetic-blast-500-4c7rz,498,Blast,rank-fair,1767963023,1767963578,555,9m 15s,9.25
synthetic-blast-500-6hjwd,498,Blast,rank-fair,1767959448,1767960028,580,9m 40s,9.666666666666666
synthetic-blast-500-kqp74,498,Blast,rank-fair,1767962176,1767962733,557,9m 17s,9.283333333333333
synthetic-blast-500-l8rvg,498,Blast,rank-fair,1767961243,1767961786,543,9m 3s,9.05
synthetic-blast-500-xwc5x,498,Blast,rank-fair,1767960378,1767960935,557,9m 17s,9.283333333333333
synthetic-blast-500-bwfjq,498,Blast,rank-random,1768022517,1768023093,576,9m 36s,9.6
synthetic-blast-500-k6lzf,498,Blast,rank-random,1768020143,1768020760,617,10m 17s,10.283333333333333
synthetic-blast-500-mqbh2,498,Blast,rank-random,1768023314,1768023938,624,10m 24s,10.4
synthetic-blast-500-pjz6m,498,Blast,rank-random,1768020981,1768021528,547,9m 7s,9.116666666666667
synthetic-blast-500-tpcw2,498,Blast,rank-random,1768021755,1768022299,544,9m 4s,9.066666666666666
synthetic-blast-500-7rbs5,498,Blast,rank-roundrobin,1767996418,1767996985,567,9m 27s,9.45
synthetic-blast-500-hf57t,498,Blast,rank-roundrobin,1767994870,1767995434,564,9m 24s,9.4
synthetic-blast-500-j8p5j,498,Blast,rank-roundrobin,1767994062,1767994632,570,9m 30s,9.5
synthetic-blast-500-qxhvd,498,Blast,rank-roundrobin,1767993266,1767993835,569,9m 29s,9.483333333333333
synthetic-blast-500-tqpw5,498,Blast,rank-roundrobin,1767995653,1767996209,556,9m 16s,9.266666666666667
synthetic-blast-500-4szmk,498,Blast,vanilla,1767928057,1767928673,616,10m 16s,10.266666666666667
synthetic-blast-500-hbkdz,498,Blast,vanilla,1767925544,1767926165,621,10m 21s,10.35
synthetic-blast-500-mjkn9,498,Blast,vanilla,1767928903,1767929534,631,10m 31s,10.516666666666667
synthetic-blast-500-qt6x5,498,Blast,vanilla,1767927183,1767927793,610,10m 10s,10.166666666666666
synthetic-blast-500-zgf77,498,Blast,vanilla,1768052258,1768052873,615,10m 15s,10.25
synthetic-bwa-500-48fgh,498,Bwa,rank-fair,1768052913,1768053522,609,10m 9s,10.15
synthetic-bwa-500-5vqzg,498,Bwa,rank-fair,1767964901,1767965495,594,9m 54s,9.9
synthetic-bwa-500-c9885,498,Bwa,rank-fair,1767963622,1767964205,583,9m 43s,9.716666666666667
synthetic-bwa-500-cxcnn,498,Bwa,rank-fair,1767965536,1767966122,586,9m 46s,9.766666666666667
synthetic-bwa-500-v7s9x,498,Bwa,rank-fair,1767966173,1767966757,584,9m 44s,9.733333333333333
synthetic-bwa-500-8d6mh,498,Bwa,rank-random,1768024654,1768025244,590,9m 50s,9.833333333333334
synthetic-bwa-500-jn28p,498,Bwa,rank-random,1768023987,1768024609,622,10m 22s,10.366666666666667
synthetic-bwa-500-kqhjz,498,Bwa,rank-random,1768026578,1768027191,613,10m 13s,10.216666666666667
synthetic-bwa-500-r6948,498,Bwa,rank-random,1768025286,1768025889,603,10m 3s,10.05
synthetic-bwa-500-xhxmz,498,Bwa,rank-random,1768025933,1768026536,603,10m 3s,10.05
synthetic-bwa-500-2jt9z,498,Bwa,rank-roundrobin,1767997684,1767998293,609,10m 9s,10.15
synthetic-bwa-500-gt2tk,498,Bwa,rank-roundrobin,1767999628,1768000221,593,9m 53s,9.883333333333333
synthetic-bwa-500-mcsjl,498,Bwa,rank-roundrobin,1767998993,1767999587,594,9m 54s,9.9
synthetic-bwa-500-rnnxn,498,Bwa,rank-roundrobin,1767998338,1767998953,615,10m 15s,10.25
synthetic-bwa-500-s4fgp,498,Bwa,rank-roundrobin,1767997028,1767997636,608,10m 8s,10.133333333333333
synthetic-bwa-500-b7w75,498,Bwa,vanilla,1768053568,1768054165,597,9m 57s,9.95
synthetic-bwa-500-d77dt,498,Bwa,vanilla,1767929576,1767930215,639,10m 39s,10.65
synthetic-bwa-500-gr2sv,498,Bwa,vanilla,1767930897,1767931515,618,10m 18s,10.3
synthetic-bwa-500-qd7qv,498,Bwa,vanilla,1767931563,1767932174,611,10m 11s,10.183333333333334
synthetic-bwa-500-s2gmb,498,Bwa,vanilla,1767918718,1767919352,634,10m 34s,10.566666666666666
synthetic-cycles-500-45rb2,497,Cycles,rank-fair,1767968398,1767969002,604,10m 4s,10.066666666666666
synthetic-cycles-500-7bx9c,497,Cycles,rank-fair,1767966892,1767967512,620,10m 20s,10.333333333333334
synthetic-cycles-500-fjqwk,497,Cycles,rank-fair,1767969119,1767969766,647,10m 47s,10.783333333333333
synthetic-cycles-500-kjn5j,497,Cycles,rank-fair,1767967632,1767968285,653,10m 53s,10.883333333333333
synthetic-cycles-500-p788h,497,Cycles,rank-fair,1767969880,1767970514,634,10m 34s,10.566666666666666
synthetic-cycles-500-7cx84,497,Cycles,rank-random,1768028746,1768029393,647,10m 47s,10.783333333333333
synthetic-cycles-500-hmnb6,497,Cycles,rank-random,1768028008,1768028645,637,10m 37s,10.616666666666667
synthetic-cycles-500-j9xsf,497,Cycles,rank-random,1768027291,1768027905,614,10m 14s,10.233333333333333
synthetic-cycles-500-jw8fk,497,Cycles,rank-random,1768029491,1768030114,623,10m 23s,10.383333333333333
synthetic-cycles-500-tnmd8,497,Cycles,rank-random,1768030215,1768030806,591,9m 51s,9.85
synthetic-cycles-500-6tcml,497,Cycles,rank-roundrobin,1768054271,1768054871,600,10m 0s,10.0
synthetic-cycles-500-bbnrw,497,Cycles,rank-roundrobin,1768001822,1768002452,630,10m 30s,10.5
synthetic-cycles-500-d87js,497,Cycles,rank-roundrobin,1768001080,1768001726,646,10m 46s,10.766666666666667
synthetic-cycles-500-j6cvn,497,Cycles,rank-roundrobin,1768000316,1768000974,658,10m 58s,10.966666666666667
synthetic-cycles-500-jbdzz,497,Cycles,rank-roundrobin,1768003412,1768004043,631,10m 31s,10.516666666666667
synthetic-cycles-500-5m94c,497,Cycles,vanilla,1767919451,1767920087,636,10m 36s,10.6
synthetic-cycles-500-7bjls,497,Cycles,vanilla,1767932984,1767933622,638,10m 38s,10.633333333333333
synthetic-cycles-500-pg8dl,497,Cycles,vanilla,1767933716,1767934400,684,11m 24s,11.4
synthetic-cycles-500-vkrjm,497,Cycles,vanilla,1767934501,1767935116,615,10m 15s,10.25
synthetic-cycles-500-xt28j,497,Cycles,vanilla,1767932278,1767932884,606,10m 6s,10.1
synthetic-genome-500-826w7,498,Genome,rank-fair,1767971551,1767972101,550,9m 10s,9.166666666666666
synthetic-genome-500-8t5jx,498,Genome,rank-fair,1767970742,1767971317,575,9m 35s,9.583333333333334
synthetic-genome-500-lp576,498,Genome,rank-fair,1767973111,1767973682,571,9m 31s,9.516666666666667
synthetic-genome-500-q8dc5,498,Genome,rank-fair,1767973941,1767974525,584,9m 44s,9.733333333333333
synthetic-genome-500-t7bdv,498,Genome,rank-fair,1767972353,1767972937,584,9m 44s,9.733333333333333
synthetic-genome-500-b46bq,498,Genome,rank-random,1768032469,1768033057,588,9m 48s,9.8
synthetic-genome-500-g8tkc,498,Genome,rank-random,1768030976,1768031573,597,9m 57s,9.95
synthetic-genome-500-rk58c,498,Genome,rank-random,1768033970,1768034530,560,9m 20s,9.333333333333334
synthetic-genome-500-thh5t,498,Genome,rank-random,1768033225,1768033803,578,9m 38s,9.633333333333333
synthetic-genome-500-wqsnp,498,Genome,rank-random,1768031743,1768032310,567,9m 27s,9.45
synthetic-genome-500-2qzt7,498,Genome,rank-roundrobin,1768006392,1768006961,569,9m 29s,9.483333333333333
synthetic-genome-500-vjlkl,498,Genome,rank-roundrobin,1768007118,1768007697,579,9m 39s,9.65
synthetic-genome-500-vqfq5,498,Genome,rank-roundrobin,1768004928,1768005514,586,9m 46s,9.766666666666667
synthetic-genome-500-xvmkm,498,Genome,rank-roundrobin,1768005672,1768006231,559,9m 19s,9.316666666666666
synthetic-genome-500-z84rl,498,Genome,rank-roundrobin,1768004196,1768004765,569,9m 29s,9.483333333333333
synthetic-genome-500-4fxrf,498,Genome,vanilla,1767937854,1767938605,751,12m 31s,12.516666666666667
synthetic-genome-500-kz7ng,498,Genome,vanilla,1767936141,1767936829,688,11m 28s,11.466666666666667
synthetic-genome-500-tfm2j,498,Genome,vanilla,1767935253,1767935996,743,12m 23s,12.383333333333333
synthetic-genome-500-w8lfp,498,Genome,vanilla,1767936995,1767937712,717,11m 57s,11.95
synthetic-genome-500-xjr6k,498,Genome,vanilla,1767920320,1767921040,720,12m 0s,12.0
synthetic-montage-500-7p6s8,495,Montage,rank-fair,1767975358,1767976177,819,13m 39s,13.65
synthetic-montage-500-ktjrz,495,Montage,rank-fair,1767974585,1767975308,723,12m 3s,12.05
synthetic-montage-500-lf6h6,495,Montage,rank-fair,1767977929,1767978718,789,13m 9s,13.15
synthetic-montage-500-rpp87,495,Montage,rank-fair,1767976250,1767977007,757,12m 37s,12.616666666666667
synthetic-montage-500-vcxvr,495,Montage,rank-fair,1767977075,1767977860,785,13m 5s,13.083333333333334
synthetic-montage-500-7hx2q,495,Montage,rank-random,1768037103,1768037834,731,12m 11s,12.183333333333334
synthetic-montage-500-bclqr,495,Montage,rank-random,1768037893,1768038675,782,13m 2s,13.033333333333333
synthetic-montage-500-cr2z2,495,Montage,rank-random,1768034597,1768035368,771,12m 51s,12.85
synthetic-montage-500-rxp2c,495,Montage,rank-random,1768035432,1768036217,785,13m 5s,13.083333333333334
synthetic-montage-500-z6sc6,495,Montage,rank-random,1768036284,1768037048,764,12m 44s,12.733333333333333
synthetic-montage-500-54psb,495,Montage,rank-roundrobin,1768011078,1768011842,764,12m 44s,12.733333333333333
synthetic-montage-500-m5pwr,495,Montage,rank-roundrobin,1768009422,1768010211,789,13m 9s,13.15
synthetic-montage-500-mjc94,495,Montage,rank-roundrobin,1768007756,1768008515,759,12m 39s,12.65
synthetic-montage-500-nd6ln,495,Montage,rank-roundrobin,1768008581,1768009361,780,13m 0s,13.0
synthetic-montage-500-xvqdf,495,Montage,rank-roundrobin,1768010260,1768011024,764,12m 44s,12.733333333333333
synthetic-montage-500-dz4w2,495,Montage,vanilla,1767941021,1767941755,734,12m 14s,12.233333333333333
synthetic-montage-500-fjmcs,495,Montage,vanilla,1767939446,1767940164,718,11m 58s,11.966666666666667
synthetic-montage-500-hkb7h,495,Montage,vanilla,1767940225,1767940971,746,12m 26s,12.433333333333334
synthetic-montage-500-n7nlm,495,Montage,vanilla,1767938662,1767939395,733,12m 13s,12.216666666666667
synthetic-montage-500-xhrb4,495,Montage,vanilla,1767921105,1767921808,703,11m 43s,11.716666666666667
synthetic-seismology-500-hrtvh,498,Seismology,rank-fair,1767980694,1767981246,552,9m 12s,9.2
synthetic-seismology-500-kc8kl,498,Seismology,rank-fair,1767980062,1767980619,557,9m 17s,9.283333333333333
synthetic-seismology-500-psvwt,498,Seismology,rank-fair,1767981317,1767981854,537,8m 57s,8.95
synthetic-seismology-500-t98j6,498,Seismology,rank-fair,1767978792,1767979346,554,9m 14s,9.233333333333333
synthetic-seismology-500-z5ckn,498,Seismology,rank-fair,1767979426,1767979982,556,9m 16s,9.266666666666667
synthetic-seismology-500-786xv,498,Seismology,rank-random,1768038742,1768039299,557,9m 17s,9.283333333333333
synthetic-seismology-500-dhz8h,498,Seismology,rank-random,1768040646,1768041198,552,9m 12s,9.2
synthetic-seismology-500-pq6sm,498,Seismology,rank-random,1768041271,1768041832,561,9m 21s,9.35
synthetic-seismology-500-twgwj,498,Seismology,rank-random,1768040013,1768040570,557,9m 17s,9.283333333333333
synthetic-seismology-500-zm888,498,Seismology,rank-random,1768039378,1768039934,556,9m 16s,9.266666666666667
synthetic-seismology-500-dkgrc,498,Seismology,rank-roundrobin,1768011920,1768012483,563,9m 23s,9.383333333333333
synthetic-seismology-500-m9pht,498,Seismology,rank-roundrobin,1768014505,1768015113,608,10m 8s,10.133333333333333
synthetic-seismology-500-n77hs,498,Seismology,rank-roundrobin,1768013871,1768014426,555,9m 15s,9.25
synthetic-seismology-500-p5skw,498,Seismology,rank-roundrobin,1768012566,1768013180,614,10m 14s,10.233333333333333
synthetic-seismology-500-pnjbl,498,Seismology,rank-roundrobin,1768013244,1768013797,553,9m 13s,9.216666666666667
synthetic-seismology-500-btcn7,498,Seismology,vanilla,1767941796,1767942484,688,11m 28s,11.466666666666667
synthetic-seismology-500-c54jw,498,Seismology,vanilla,1767942535,1767943156,621,10m 21s,10.35
synthetic-seismology-500-kmjdz,498,Seismology,vanilla,1767943949,1767944604,655,10m 55s,10.916666666666666
synthetic-seismology-500-mn89s,498,Seismology,vanilla,1767921847,1767922513,666,11m 6s,11.1
synthetic-seismology-500-nzxhh,498,Seismology,vanilla,1767943203,1767943902,699,11m 39s,11.65
synthetic-soykb-500-6w8l2,496,Soykb,rank-fair,1767984844,1767985675,831,13m 51s,13.85
synthetic-soykb-500-8fg4q,496,Soykb,rank-fair,1767981948,1767982800,852,14m 12s,14.2
synthetic-soykb-500-fnp4r,496,Soykb,rank-fair,1767982892,1767983768,876,14m 36s,14.6
synthetic-soykb-500-jhw78,496,Soykb,rank-fair,1767985766,1767986587,821,13m 41s,13.683333333333334
synthetic-soykb-500-v8v84,496,Soykb,rank-fair,1767983854,1767984753,899,14m 59s,14.983333333333333
synthetic-soykb-500-dtf86,496,Soykb,rank-random,1768045841,1768046727,886,14m 46s,14.766666666666667
synthetic-soykb-500-jz6j6,496,Soykb,rank-random,1768042906,1768043825,919,15m 19s,15.316666666666666
synthetic-soykb-500-kbbhp,496,Soykb,rank-random,1768043908,1768044811,903,15m 3s,15.05
synthetic-soykb-500-qg454,496,Soykb,rank-random,1768044900,1768045761,861,14m 21s,14.35
synthetic-soykb-500-t5v4z,496,Soykb,rank-random,1768041921,1768042811,890,14m 50s,14.833333333333334
synthetic-soykb-500-2pz9r,496,Soykb,rank-roundrobin,1768017094,1768017962,868,14m 28s,14.466666666666667
synthetic-soykb-500-8c8c2,496,Soykb,rank-roundrobin,1768016178,1768017000,822,13m 42s,13.7
synthetic-soykb-500-fhllk,496,Soykb,rank-roundrobin,1768019049,1768019905,856,14m 16s,14.266666666666667
synthetic-soykb-500-gsvkb,496,Soykb,rank-roundrobin,1768015198,1768016084,886,14m 46s,14.766666666666667
synthetic-soykb-500-vpldn,496,Soykb,rank-roundrobin,1768018056,1768018955,899,14m 59s,14.983333333333333
synthetic-soykb-500-8g74m,496,Soykb,vanilla,1767944700,1767945517,817,13m 37s,13.616666666666667
synthetic-soykb-500-j4qvh,496,Soykb,vanilla,1767922613,1767923405,792,13m 12s,13.2
synthetic-soykb-500-k8vjh,496,Soykb,vanilla,1767946498,1767947309,811,13m 31s,13.516666666666667
synthetic-soykb-500-kt4tl,496,Soykb,vanilla,1767945612,1767946417,805,13m 25s,13.416666666666666
synthetic-soykb-500-l5wsx,496,Soykb,vanilla,1767947406,1767948241,835,13m 55s,13.916666666666666
synthetic-blast-500-9bn4g,498,Blast,fifo-fair,1768324007,1768324555,548,9m 8s,9.133333333333333
synthetic-blast-500-j56v4,498,Blast,fifo-fair,1768305158,1768305722,564,9m 24s,9.4
synthetic-blast-500-jlsl2,498,Blast,fifo-fair,1768322764,1768323328,564,9m 24s,9.4
synthetic-blast-500-vhrwg,498,Blast,fifo-fair,1768323385,1768323943,558,9m 18s,9.3
synthetic-blast-500-zvtkl,498,Blast,fifo-fair,1768304545,1768305103,558,9m 18s,9.3
synthetic-blast-500-8c57v,498,Blast,fifo-random,1768237916,1768238514,598,9m 58s,9.966666666666667
synthetic-blast-500-frchp,498,Blast,fifo-random,1768239724,1768240275,551,9m 11s,9.183333333333334
synthetic-blast-500-kzcpj,498,Blast,fifo-random,1768238553,1768239092,539,8m 59s,8.983333333333333
synthetic-blast-500-md4hp,498,Blast,fifo-random,1768239138,1768239678,540,9m 0s,9.0
synthetic-blast-500-mvwb7,498,Blast,fifo-random,1768237331,1768237871,540,9m 0s,9.0
synthetic-blast-500-6tcpt,498,Blast,fifo-roundrobin,1768278284,1768278844,560,9m 20s,9.333333333333334
synthetic-blast-500-767gm,498,Blast,fifo-roundrobin,1768277662,1768278221,559,9m 19s,9.316666666666666
synthetic-blast-500-7k7jb,498,Blast,fifo-roundrobin,1768280125,1768280683,558,9m 18s,9.3
synthetic-blast-500-mtsdm,498,Blast,fifo-roundrobin,1768279525,1768280072,547,9m 7s,9.116666666666667
synthetic-blast-500-xzqtj,498,Blast,fifo-roundrobin,1768278905,1768279466,561,9m 21s,9.35
synthetic-blast-500-7rdnn,498,Blast,random-fair,1768473301,1768473868,567,9m 27s,9.45
synthetic-blast-500-cbf2w,498,Blast,random-fair,1768473923,1768474486,563,9m 23s,9.383333333333333
synthetic-blast-500-crhj8,498,Blast,random-fair,1768475167,1768475738,571,9m 31s,9.516666666666667
synthetic-blast-500-g27zt,498,Blast,random-fair,1768474544,1768475099,555,9m 15s,9.25
synthetic-blast-500-p9l6c,498,Blast,random-fair,1768475808,1768476380,572,9m 32s,9.533333333333333
synthetic-blast-500-4h7sp,498,Blast,random-random,1768422977,1768423541,564,9m 24s,9.4
synthetic-blast-500-dhpvn,498,Blast,random-random,1768423599,1768424165,566,9m 26s,9.433333333333334
synthetic-blast-500-fphv8,498,Blast,random-random,1768424219,1768424783,564,9m 24s,9.4
synthetic-blast-500-fws9r,498,Blast,random-random,1768424843,1768425421,578,9m 38s,9.633333333333333
synthetic-blast-500-sm24s,498,Blast,random-random,1768425486,1768426055,569,9m 29s,9.483333333333333
synthetic-blast-500-5xdqh,498,Blast,random-roundrobin,1768448541,1768449117,576,9m 36s,9.6
synthetic-blast-500-cphwd,498,Blast,random-roundrobin,1768447920,1768448475,555,9m 15s,9.25
synthetic-blast-500-d4bxz,498,Blast,random-roundrobin,1768449825,1768450455,630,10m 30s,10.5
synthetic-blast-500-fb42j,498,Blast,random-roundrobin,1768450509,1768451088,579,9m 39s,9.65
synthetic-blast-500-kzhtk,498,Blast,random-roundrobin,1768449183,1768449758,575,9m 35s,9.583333333333334
synthetic-bwa-500-9mjj9,498,Bwa,fifo-fair,1768402305,1768402898,593,9m 53s,9.883333333333333
synthetic-bwa-500-cn498,498,Bwa,fifo-fair,1768402958,1768403543,585,9m 45s,9.75
synthetic-bwa-500-d8gqg,498,Bwa,fifo-fair,1768403589,1768404196,607,10m 7s,10.116666666666667
synthetic-bwa-500-r8p8z,498,Bwa,fifo-fair,1768400961,1768401585,624,10m 24s,10.4
synthetic-bwa-500-rr5hl,498,Bwa,fifo-fair,1768401633,1768402243,610,10m 10s,10.166666666666666
synthetic-bwa-500-5lb8m,498,Bwa,fifo-random,1768265318,1768265921,603,10m 3s,10.05
synthetic-bwa-500-bzf5h,498,Bwa,fifo-random,1768250393,1768251026,633,10m 33s,10.55
synthetic-bwa-500-clq5k,498,Bwa,fifo-random,1768251718,1768252312,594,9m 54s,9.9
synthetic-bwa-500-ncb27,498,Bwa,fifo-random,1768252370,1768252962,592,9m 52s,9.866666666666667
synthetic-bwa-500-qlhjw,498,Bwa,fifo-random,1768251086,1768251663,577,9m 37s,9.616666666666667
synthetic-bwa-500-7dvln,498,Bwa,fifo-roundrobin,1768282040,1768282647,607,10m 7s,10.116666666666667
synthetic-bwa-500-gcr9w,498,Bwa,fifo-roundrobin,1768282693,1768283262,569,9m 29s,9.483333333333333
synthetic-bwa-500-l9s7q,498,Bwa,fifo-roundrobin,1768280736,1768281328,592,9m 52s,9.866666666666667
synthetic-bwa-500-qkkng,498,Bwa,fifo-roundrobin,1768283304,1768283906,602,10m 2s,10.033333333333333
synthetic-bwa-500-rh6xd,498,Bwa,fifo-roundrobin,1768281389,1768281998,609,10m 9s,10.15
synthetic-bwa-500-7phzk,498,Bwa,random-fair,1768477136,1768477755,619,10m 19s,10.316666666666666
synthetic-bwa-500-j7z7m,498,Bwa,random-fair,1768476442,1768477073,631,10m 31s,10.516666666666667
synthetic-bwa-500-q57hv,498,Bwa,random-fair,1768479154,1768479757,603,10m 3s,10.05
synthetic-bwa-500-q7mbw,498,Bwa,random-fair,1768477809,1768478423,614,10m 14s,10.233333333333333
synthetic-bwa-500-qh47p,498,Bwa,random-fair,1768478481,1768479109,628,10m 28s,10.466666666666667
synthetic-bwa-500-7ggdx,498,Bwa,random-random,1768427465,1768428082,617,10m 17s,10.283333333333333
synthetic-bwa-500-7hljp,498,Bwa,random-random,1768428830,1768429455,625,10m 25s,10.416666666666666
synthetic-bwa-500-kgm2j,498,Bwa,random-random,1768428137,1768428770,633,10m 33s,10.55
synthetic-bwa-500-pnhkw,498,Bwa,random-random,1768426099,1768426711,612,10m 12s,10.2
synthetic-bwa-500-s67rl,498,Bwa,random-random,1768426771,1768427405,634,10m 34s,10.566666666666666
synthetic-bwa-500-67z5x,498,Bwa,random-roundrobin,1768453180,1768453826,646,10m 46s,10.766666666666667
synthetic-bwa-500-lr8rf,498,Bwa,random-roundrobin,1768451141,1768451777,636,10m 36s,10.6
synthetic-bwa-500-n7lrv,498,Bwa,random-roundrobin,1768452466,1768453125,659,10m 59s,10.983333333333333
synthetic-bwa-500-ncvwh,498,Bwa,random-roundrobin,1768451834,1768452419,585,9m 45s,9.75
synthetic-bwa-500-r7qw4,498,Bwa,random-roundrobin,1768453874,1768454495,621,10m 21s,10.35
synthetic-cycles-500-6qj79,497,Cycles,fifo-fair,1768407124,1768407736,612,10m 12s,10.2
synthetic-cycles-500-95pkf,497,Cycles,fifo-fair,1768404261,1768404939,678,11m 18s,11.3
synthetic-cycles-500-jh7sw,497,Cycles,fifo-fair,1768405003,1768405647,644,10m 44s,10.733333333333333
synthetic-cycles-500-v7jdz,497,Cycles,fifo-fair,1768406418,1768407049,631,10m 31s,10.516666666666667
synthetic-cycles-500-zsp4x,497,Cycles,fifo-fair,1768405714,1768406361,647,10m 47s,10.783333333333333
synthetic-cycles-500-4xqws,497,Cycles,fifo-random,1768241446,1768242041,595,9m 55s,9.916666666666666
synthetic-cycles-500-c6756,497,Cycles,fifo-random,1768243403,1768244031,628,10m 28s,10.466666666666667
synthetic-cycles-500-h5x6h,497,Cycles,fifo-random,1768242099,1768242724,625,10m 25s,10.416666666666666
synthetic-cycles-500-p47d9,497,Cycles,fifo-random,1768242772,1768243343,571,9m 31s,9.516666666666667
synthetic-cycles-500-v65kq,497,Cycles,fifo-random,1768240797,1768241388,591,9m 51s,9.85
synthetic-cycles-500-6p2nz,497,Cycles,fifo-roundrobin,1768286097,1768286723,626,10m 26s,10.433333333333334
synthetic-cycles-500-fmfkx,497,Cycles,fifo-roundrobin,1768285403,1768286035,632,10m 32s,10.533333333333333
synthetic-cycles-500-prvnb,497,Cycles,fifo-roundrobin,1768283974,1768284620,646,10m 46s,10.766666666666667
synthetic-cycles-500-r29lq,497,Cycles,fifo-roundrobin,1768286798,1768287446,648,10m 48s,10.8
synthetic-cycles-500-xll74,497,Cycles,fifo-roundrobin,1768284683,1768285338,655,10m 55s,10.916666666666666
synthetic-cycles-500-7stf6,497,Cycles,random-fair,1768479819,1768480444,625,10m 25s,10.416666666666666
synthetic-cycles-500-m9zbf,497,Cycles,random-fair,1768481892,1768482507,615,10m 15s,10.25
synthetic-cycles-500-pxc2c,497,Cycles,random-fair,1768482579,1768483160,581,9m 41s,9.683333333333334
synthetic-cycles-500-swtcv,497,Cycles,random-fair,1768481215,1768481823,608,10m 8s,10.133333333333333
synthetic-cycles-500-xvf2g,497,Cycles,random-fair,1768480518,1768481156,638,10m 38s,10.633333333333333
synthetic-cycles-500-8bbwc,497,Cycles,random-random,1768431568,1768432156,588,9m 48s,9.8
synthetic-cycles-500-gwcqr,497,Cycles,random-random,1768430883,1768431498,615,10m 15s,10.25
synthetic-cycles-500-px4dn,497,Cycles,random-random,1768430196,1768430814,618,10m 18s,10.3
synthetic-cycles-500-qn76q,497,Cycles,random-random,1768432214,1768432816,602,10m 2s,10.033333333333333
synthetic-cycles-500-qsqq6,497,Cycles,random-random,1768429514,1768430125,611,10m 11s,10.183333333333334
synthetic-cycles-500-6gdfd,497,Cycles,random-roundrobin,1768455268,1768455835,567,9m 27s,9.45
synthetic-cycles-500-74mn6,497,Cycles,random-roundrobin,1768456541,1768457109,568,9m 28s,9.466666666666667
synthetic-cycles-500-8585q,497,Cycles,random-roundrobin,1768457174,1768457781,607,10m 7s,10.116666666666667
synthetic-cycles-500-n6bp5,497,Cycles,random-roundrobin,1768454559,1768455205,646,10m 46s,10.766666666666667
synthetic-cycles-500-skjxw,497,Cycles,random-roundrobin,1768455898,1768456476,578,9m 38s,9.633333333333333
synthetic-genome-500-5kpmm,498,Genome,fifo-fair,1768409776,1768410348,572,9m 32s,9.533333333333333
synthetic-genome-500-d5zlx,498,Genome,fifo-fair,1768409129,1768409690,561,9m 21s,9.35
synthetic-genome-500-hg75s,498,Genome,fifo-fair,1768410426,1768411019,593,9m 53s,9.883333333333333
synthetic-genome-500-mn84q,498,Genome,fifo-fair,1768407823,1768408399,576,9m 36s,9.6
synthetic-genome-500-wv66q,498,Genome,fifo-fair,1768408480,1768409047,567,9m 27s,9.45
synthetic-genome-500-4tnmr,498,Genome,fifo-random,1768246018,1768246599,581,9m 41s,9.683333333333334
synthetic-genome-500-9crx9,498,Genome,fifo-random,1768246662,1768247221,559,9m 19s,9.316666666666666
synthetic-genome-500-c5wnz,498,Genome,fifo-random,1768244753,1768245314,561,9m 21s,9.35
synthetic-genome-500-dpq7s,498,Genome,fifo-random,1768244100,1768244683,583,9m 43s,9.716666666666667
synthetic-genome-500-ffqt7,498,Genome,fifo-random,1768245376,1768245961,585,9m 45s,9.75
synthetic-genome-500-fbtgc,498,Genome,fifo-roundrobin,1768288157,1768288726,569,9m 29s,9.483333333333333
synthetic-genome-500-jbfpz,498,Genome,fifo-roundrobin,1768290099,1768290644,545,9m 5s,9.083333333333334
synthetic-genome-500-t8dr2,498,Genome,fifo-roundrobin,1768287527,1768288085,558,9m 18s,9.3
synthetic-genome-500-tl9j5,498,Genome,fifo-roundrobin,1768289450,1768290030,580,9m 40s,9.666666666666666
synthetic-genome-500-zzvlr,498,Genome,fifo-roundrobin,1768288801,1768289376,575,9m 35s,9.583333333333334
synthetic-genome-500-8985j,498,Genome,random-fair,1768483885,1768484448,563,9m 23s,9.383333333333333
synthetic-genome-500-8wvc9,498,Genome,random-fair,1768484520,1768485097,577,9m 37s,9.616666666666667
synthetic-genome-500-9hq5p,498,Genome,random-fair,1768485815,1768486388,573,9m 33s,9.55
synthetic-genome-500-bjmsr,498,Genome,random-fair,1768485176,1768485738,562,9m 22s,9.366666666666667
synthetic-genome-500-mw75k,498,Genome,random-fair,1768483247,1768483807,560,9m 20s,9.333333333333334
synthetic-genome-500-djrsl,498,Genome,random-random,1768434189,1768434733,544,9m 4s,9.066666666666666
synthetic-genome-500-l5pld,498,Genome,random-random,1768435456,1768436018,562,9m 22s,9.366666666666667
synthetic-genome-500-nx74n,498,Genome,random-random,1768434806,1768435386,580,9m 40s,9.666666666666666
synthetic-genome-500-xlfnc,498,Genome,random-random,1768433574,1768434114,540,9m 0s,9.0
synthetic-genome-500-zbc59,498,Genome,random-random,1768432903,1768433512,609,10m 9s,10.15
synthetic-genome-500-4fqk2,498,Genome,random-roundrobin,1768459807,1768460363,556,9m 16s,9.266666666666667
synthetic-genome-500-55v6s,498,Genome,random-roundrobin,1768457867,1768458433,566,9m 26s,9.433333333333334
synthetic-genome-500-56jrd,498,Genome,random-roundrobin,1768458515,1768459077,562,9m 22s,9.366666666666667
synthetic-genome-500-lphv7,498,Genome,random-roundrobin,1768460442,1768460997,555,9m 15s,9.25
synthetic-genome-500-snx8j,498,Genome,random-roundrobin,1768459153,1768459729,576,9m 36s,9.6
synthetic-montage-500-fzv4l,495,Montage,fifo-fair,1768411075,1768411887,812,13m 32s,13.533333333333333
synthetic-montage-500-svxqf,495,Montage,fifo-fair,1768411935,1768412677,742,12m 22s,12.366666666666667
synthetic-montage-500-wzqgw,495,Montage,fifo-fair,1768412734,1768413477,743,12m 23s,12.383333333333333
synthetic-montage-500-xnh6r,495,Montage,fifo-fair,1768414393,1768415156,763,12m 43s,12.716666666666667
synthetic-montage-500-zczfw,495,Montage,fifo-fair,1768413533,1768414327,794,13m 14s,13.233333333333333
synthetic-montage-500-2dgp9,495,Montage,fifo-random,1768269186,1768269886,700,11m 40s,11.666666666666666
synthetic-montage-500-792wd,495,Montage,fifo-random,1768268388,1768269128,740,12m 20s,12.333333333333334
synthetic-montage-500-9lnfz,495,Montage,fifo-random,1768267590,1768268341,751,12m 31s,12.516666666666667
synthetic-montage-500-n46tr,495,Montage,fifo-random,1768266813,1768267549,736,12m 16s,12.266666666666667
synthetic-montage-500-r7d8c,495,Montage,fifo-random,1768265974,1768266766,792,13m 12s,13.2
synthetic-montage-500-2s8dw,495,Montage,fifo-roundrobin,1768290707,1768291466,759,12m 39s,12.65
synthetic-montage-500-65h5p,495,Montage,fifo-roundrobin,1768314357,1768315145,788,13m 8s,13.133333333333333
synthetic-montage-500-cg5lg,495,Montage,fifo-roundrobin,1768291526,1768292258,732,12m 12s,12.2
synthetic-montage-500-cnxv5,495,Montage,fifo-roundrobin,1768316015,1768316771,756,12m 36s,12.6
synthetic-montage-500-zdmvd,495,Montage,fifo-roundrobin,1768315196,1768315956,760,12m 40s,12.666666666666666
synthetic-montage-500-7j6bj,495,Montage,random-fair,1768487269,1768488016,747,12m 27s,12.45
synthetic-montage-500-l2fff,495,Montage,random-fair,1768488068,1768488834,766,12m 46s,12.766666666666667
synthetic-montage-500-wrfjq,495,Montage,random-fair,1768486451,1768487207,756,12m 36s,12.6
synthetic-montage-500-xw95q,495,Montage,random-fair,1768488888,1768489664,776,12m 56s,12.933333333333334
synthetic-montage-500-zc7qx,495,Montage,random-fair,1768489728,1768490474,746,12m 26s,12.433333333333334
synthetic-montage-500-9jbhr,495,Montage,random-random,1768439419,1768440154,735,12m 15s,12.25
synthetic-montage-500-k92rs,495,Montage,random-random,1768436067,1768436837,770,12m 50s,12.833333333333334
synthetic-montage-500-sbfmf,495,Montage,random-random,1768438580,1768439371,791,13m 11s,13.183333333333334
synthetic-montage-500-wfn9z,495,Montage,random-random,1768436881,1768437707,826,13m 46s,13.766666666666667
synthetic-montage-500-wgb6s,495,Montage,random-random,1768437761,1768438514,753,12m 33s,12.55
synthetic-montage-500-9dzcs,495,Montage,random-roundrobin,1768464328,1768465109,781,13m 1s,13.016666666666667
synthetic-montage-500-jwqsd,495,Montage,random-roundrobin,1768461055,1768461812,757,12m 37s,12.616666666666667
synthetic-montage-500-lgmxl,495,Montage,random-roundrobin,1768461870,1768462642,772,12m 52s,12.866666666666667
synthetic-montage-500-m7c6k,495,Montage,random-roundrobin,1768462690,1768463448,758,12m 38s,12.633333333333333
synthetic-montage-500-sdtg6,495,Montage,random-roundrobin,1768463509,1768464274,765,12m 45s,12.75
synthetic-seismology-500-dqxzs,498,Seismology,fifo-fair,1768417753,1768418319,566,9m 26s,9.433333333333334
synthetic-seismology-500-l8clv,498,Seismology,fifo-fair,1768416483,1768417034,551,9m 11s,9.183333333333334
synthetic-seismology-500-mljdj,498,Seismology,fifo-fair,1768417118,1768417683,565,9m 25s,9.416666666666666
synthetic-seismology-500-nf2rm,498,Seismology,fifo-fair,1768415234,1768415777,543,9m 3s,9.05
synthetic-seismology-500-wjdmc,498,Seismology,fifo-fair,1768415848,1768416406,558,9m 18s,9.3
synthetic-seismology-500-8bm6b,498,Seismology,fifo-random,1768272482,1768273040,558,9m 18s,9.3
synthetic-seismology-500-d2wc5,498,Seismology,fifo-random,1768271848,1768272404,556,9m 16s,9.266666666666667
synthetic-seismology-500-jb8xl,498,Seismology,fifo-random,1768271214,1768271766,552,9m 12s,9.2
synthetic-seismology-500-n7f6p,498,Seismology,fifo-random,1768269965,1768270509,544,9m 4s,9.066666666666666
synthetic-seismology-500-rg9gz,498,Seismology,fifo-random,1768270579,1768271126,547,9m 7s,9.116666666666667
synthetic-seismology-500-9hglj,498,Seismology,fifo-roundrobin,1768319453,1768320017,564,9m 24s,9.4
synthetic-seismology-500-fv4x6,498,Seismology,fifo-roundrobin,1768318165,1768318728,563,9m 23s,9.383333333333333
synthetic-seismology-500-g7nbw,498,Seismology,fifo-roundrobin,1768317510,1768318076,566,9m 26s,9.433333333333334
synthetic-seismology-500-zdwjl,498,Seismology,fifo-roundrobin,1768318799,1768319368,569,9m 29s,9.483333333333333
synthetic-seismology-500-zpb5v,498,Seismology,fifo-roundrobin,1768316856,1768317424,568,9m 28s,9.466666666666667
synthetic-seismology-500-bxdcf,498,Seismology,random-fair,1768492475,1768493045,570,9m 30s,9.5
synthetic-seismology-500-cctp7,498,Seismology,random-fair,1768491206,1768491767,561,9m 21s,9.35
synthetic-seismology-500-kqpss,498,Seismology,random-fair,1768490549,1768491120,571,9m 31s,9.516666666666667
synthetic-seismology-500-lrghq,498,Seismology,random-fair,1768491841,1768492397,556,9m 16s,9.266666666666667
synthetic-seismology-500-x64vh,498,Seismology,random-fair,1768493131,1768493697,566,9m 26s,9.433333333333334
synthetic-seismology-500-b4bmp,498,Seismology,random-random,1768441511,1768442074,563,9m 23s,9.383333333333333
synthetic-seismology-500-hlcvk,498,Seismology,random-random,1768442146,1768442712,566,9m 26s,9.433333333333334
synthetic-seismology-500-k29gr,498,Seismology,random-random,1768440220,1768440777,557,9m 17s,9.283333333333333
synthetic-seismology-500-kz5wt,498,Seismology,random-random,1768440856,1768441424,568,9m 28s,9.466666666666667
synthetic-seismology-500-pvwpz,498,Seismology,random-random,1768442781,1768443346,565,9m 25s,9.416666666666666
synthetic-seismology-500-754t7,498,Seismology,random-roundrobin,1768467853,1768468429,576,9m 36s,9.6
synthetic-seismology-500-jnsxd,498,Seismology,random-roundrobin,1768467157,1768467766,609,10m 9s,10.15
synthetic-seismology-500-l9v2l,498,Seismology,random-roundrobin,1768465846,1768466422,576,9m 36s,9.6
synthetic-seismology-500-nctqz,498,Seismology,random-roundrobin,1768465190,1768465760,570,9m 30s,9.5
synthetic-seismology-500-zs7mr,498,Seismology,random-roundrobin,1768466501,1768467068,567,9m 27s,9.45
synthetic-soykb-500-55lqj,496,Soykb,fifo-fair,1768419273,1768420117,844,14m 4s,14.066666666666666
synthetic-soykb-500-5pp7v,496,Soykb,fifo-fair,1768422069,1768422916,847,14m 7s,14.116666666666667
synthetic-soykb-500-kt2t4,496,Soykb,fifo-fair,1768418366,1768419222,856,14m 16s,14.266666666666667
synthetic-soykb-500-z9ntj,496,Soykb,fifo-fair,1768421123,1768421999,876,14m 36s,14.6
synthetic-soykb-500-zb9zw,496,Soykb,fifo-fair,1768420177,1768421057,880,14m 40s,14.666666666666666
synthetic-soykb-500-ccf25,496,Soykb,fifo-random,1768273094,1768273967,873,14m 33s,14.55
synthetic-soykb-500-jzlvz,496,Soykb,fifo-random,1768274020,1768274891,871,14m 31s,14.516666666666667
synthetic-soykb-500-kvs4z,496,Soykb,fifo-random,1768275828,1768276677,849,14m 9s,14.15
synthetic-soykb-500-p6vc8,496,Soykb,fifo-random,1768276732,1768277598,866,14m 26s,14.433333333333334
synthetic-soykb-500-szvz4,496,Soykb,fifo-random,1768274945,1768275767,822,13m 42s,13.7
synthetic-soykb-500-4bn8x,496,Soykb,fifo-roundrobin,1768320066,1768320940,874,14m 34s,14.566666666666666
synthetic-soykb-500-65xrp,496,Soykb,fifo-roundrobin,1768320992,1768321829,837,13m 57s,13.95
synthetic-soykb-500-8zshw,496,Soykb,fifo-roundrobin,1768321897,1768322699,802,13m 22s,13.366666666666667
synthetic-soykb-500-gm4x2,496,Soykb,fifo-roundrobin,1768302634,1768303514,880,14m 40s,14.666666666666666
synthetic-soykb-500-xx94n,496,Soykb,fifo-roundrobin,1768303569,1768304490,921,15m 21s,15.35
synthetic-soykb-500-f9lq5,496,Soykb,random-fair,1768504548,1768505391,843,14m 3s,14.05
synthetic-soykb-500-fplqw,496,Soykb,random-fair,1768503622,1768504480,858,14m 18s,14.3
synthetic-soykb-500-mrbch,496,Soykb,random-fair,1768505454,1768506274,820,13m 40s,13.666666666666666
synthetic-soykb-500-pl256,496,Soykb,random-fair,1768502675,1768503557,882,14m 42s,14.7
synthetic-soykb-500-xtbhp,496,Soykb,random-fair,1768506337,1768507253,916,15m 16s,15.266666666666667
synthetic-soykb-500-9xlmb,496,Soykb,random-random,1768443393,1768444242,849,14m 9s,14.15
synthetic-soykb-500-cmkb2,496,Soykb,random-random,1768447054,1768447866,812,13m 32s,13.533333333333333
synthetic-soykb-500-dth7n,496,Soykb,random-random,1768445223,1768446072,849,14m 9s,14.15
synthetic-soykb-500-pltzd,496,Soykb,random-random,1768444298,1768445174,876,14m 36s,14.6
synthetic-soykb-500-xvnpn,496,Soykb,random-random,1768446129,1768446998,869,14m 29s,14.483333333333333
synthetic-soykb-500-4xqhf,496,Soykb,random-roundrobin,1768468487,1768469378,891,14m 51s,14.85
synthetic-soykb-500-b66cg,496,Soykb,random-roundrobin,1768470377,1768471272,895,14m 55s,14.916666666666666
synthetic-soykb-500-hljr9,496,Soykb,random-roundrobin,1768469434,1768470319,885,14m 45s,14.75
synthetic-soykb-500-mg2mk,496,Soykb,random-roundrobin,1768472291,1768473235,944,15m 44s,15.733333333333333
synthetic-soykb-500-rh778,496,Soykb,random-roundrobin,1768471324,1768472231,907,15m 7s,15.116666666666667